{"demon_archer;human_archer":2.11666666666666,"demon_archer;human_footman":2.2,"demon_archer;human_tank":6.23333333333332,"demon_archer;human_villager":2.1,"demon_footman;human_footman":4.29999999999999,"demon_footman;human_tank":10.2666666666668,"demon_footman;human_villager":3.13333333333333,"demon_knight;human_archer":3.61666666666666,"demon_knight;human_footman":3.28333333333333,"demon_knight;human_tank":9.03333333333336,"demon_knight;human_villager":3.04999999999999,"demon_royal_guard;human_archer":4.59999999999999,"demon_royal_guard;human_footman":5.46666666666665,"demon_royal_guard;human_knight":7.41666666666665,"demon_royal_guard;human_royal_guard":17.6000000000003,"demon_royal_guard;human_tank":12.9333333333336,"demon_royal_guard;human_villager":3.89999999999999,"demon_royal_knight;human_archer":1.31666666666667,"demon_royal_knight;human_footman":1.81666666666667,"demon_royal_knight;human_knight":1.95,"demon_royal_knight;human_royal_guard":4.44999999999999,"demon_royal_knight;human_royal_knight":4.23333333333332,"demon_royal_knight;human_tank":3.14999999999999,"demon_royal_knight;human_villager":0.800000000000001,"demon_tank;human_archer":7.59999999999998,"demon_tank;human_footman":8.61666666666667,"demon_tank;human_tank":22.0333333333334,"demon_tank;human_villager":6.88333333333331,"demon_villager;human_villager":8.83333333333335,"human_archer;demon_footman":2.31666666666666,"human_archer;demon_villager":2.16666666666666,"human_footman;demon_villager":4.61666666666666,"human_knight;demon_archer":3.79999999999999,"human_knight;demon_footman":3.43333333333333,"human_knight;demon_knight":5.03333333333332,"human_knight;demon_tank":8.55,"human_knight;demon_villager":3.26666666666666,"human_royal_guard;demon_archer":6.08333333333332,"human_royal_guard;demon_footman":6.99999999999998,"human_royal_guard;demon_knight":10.0333333333334,"human_royal_guard;demon_tank":16.0000000000004,"human_royal_guard;demon_villager":5.38333333333332,"human_royal_knight;demon_archer":2.28333333333333,"human_royal_knight;demon_footman":1.85,"human_royal_knight;demon_knight":2.26666666666666,"human_royal_knight;demon_royal_guard":5.48333333333332,"human_royal_knight;demon_tank":4.21666666666666,"human_royal_knight;demon_villager":1.78333333333333,"human_tank;demon_villager":8.48333333333333}
